{
	"origin": [ 11.04, 5.52 ],
	"frameRate": 24,
	"frameSum": 1,
	"sub": [],
	"label": {
		"animation": [ 0, 0 ]
	},
	"img": [ {
			"src": "akee_projectile_30x59",
			"sz": [ 30.0, 59.0 ],
			"origin": [ -2.65, -2.25 ]
		} ],
	"layer": [ {
			"id": [ 0, 0 ],
			"parent": [],
			"range": [ 0, 1 ],
			"frame": [ {
					"opacity": 1.0,
					"matrix": [ 0.034789305411943, 0.999394668901607, -0.999394668901607, 0.034789305411943, 51.45, -1.6 ]
				} ]
		} ]
}