{
	"origin": [ 78.0, 78.0 ],
	"frameRate": 30,
	"frameSum": 2,
	"sub": [ "zombie_fishingpole_hook" ],
	"label": {
		"animation": [ 0, 1 ]
	},
	"img": [ {
			"src": "zombie_fisherman_hook_23x42",
			"sz": [ 23.0, 42.0 ],
			"origin": [ -2.5, -2.5 ]
		} ],
	"layer": [ {
			"id": [ 0, 0, 0 ],
			"parent": [ 0 ],
			"range": [ 0, 2 ],
			"frame": [ {
					"opacity": 1.0,
					"matrix": [ 0.056765795905945, 0.998387522165198, -0.998387522165198, 0.056765795905945, 214.35, 184.65 ]
				}, {
					"opacity": 1.0,
					"matrix": [ 0.056765795905945, 0.998387522165198, -0.998387522165198, 0.056765795905945, 214.35, 184.65 ]
				} ]
		} ]
}