{
	"origin": [ 78.0, 78.0 ],
	"frameRate": 30,
	"frameSum": 4,
	"sub": [],
	"label": {
		"idle": [ 0, 3 ]
	},
	"img": [ {
			"src": "cactus_projectile_plantfood_100x24",
			"sz": [ 100.0, 24.0 ],
			"origin": [ -2.75, -8.9 ]
		} ],
	"layer": [ {
			"id": [ 0, 0 ],
			"parent": [],
			"range": [ 0, 4 ],
			"frame": [ {
					"opacity": 1.0,
					"matrix": [ 1.0, 0.0, 0.0, 1.0, 181.2, 174.45 ]
				}, {
					"opacity": 1.0,
					"matrix": [ 1.0, 0.0, 0.0, 0.95672607421875, 181.2, 174.7 ]
				}, {
					"opacity": 1.0,
					"matrix": [ 1.0, 0.0, 0.0, 0.913436889648437, 181.2, 174.95 ]
				}, {
					"opacity": 1.0,
					"matrix": [ 1.0, 0.0, 0.0, 0.95672607421875, 181.2, 174.7 ]
				} ]
		} ]
}