{
	"origin": [ 17.27, 8.62 ],
	"frameRate": 24,
	"frameSum": 1,
	"sub": [],
	"label": {
		"animation": [ 0, 0 ]
	},
	"img": [ {
			"src": "akee_plantfood_projectile_30x59",
			"sz": [ 30.0, 59.0 ],
			"origin": [ -2.65, -2.25 ]
		} ],
	"layer": [ {
			"id": [ 0, 0 ],
			"parent": [],
			"range": [ 0, 1 ],
			"frame": [ {
					"opacity": 1.0,
					"matrix": [ 0.053237915039062, 1.561553955078125, -1.561553955078125, 0.053237915039062, 81.95, -1.25 ]
				} ]
		} ]
}